video,christian_mean_iou,method_mean_iou,mean_delta_iou,n_frames,method
before-video-000,0.3794809288242044,0.31997372486807807,-0.05950720395612632,66,strict_qmem_v1_reference_T1K2_lambda0p05
before-video-001,0.2519872494594668,0.32012716517494605,0.06813991571547923,11,strict_qmem_v1_reference_T1K2_lambda0p05
before-video-002,0.2820122457959932,0.3342348461169899,0.05222260032099669,49,strict_qmem_v1_reference_T1K2_lambda0p05
before-video-003,0.3322926377146983,0.3608152567265406,0.02852261901184225,46,strict_qmem_v1_reference_T1K2_lambda0p05
before-video-004,0.3922930137962685,0.2836830831017942,-0.10860993069447433,10,strict_qmem_v1_reference_T1K2_lambda0p05
before-video-005,0.349849799883027,0.3612019571036322,0.011352157220605176,55,strict_qmem_v1_reference_T1K2_lambda0p05
before-video-006,0.3695320690992881,0.37325353351809304,0.0037214644188049537,38,strict_qmem_v1_reference_T1K2_lambda0p05
before-video-007,0.38623108288556074,0.4777922333379482,0.09156115045238744,10,strict_qmem_v1_reference_T1K2_lambda0p05
before-video-008,0.32623887984656946,0.34136627285533716,0.015127393008767656,91,strict_qmem_v1_reference_T1K2_lambda0p05
before-video-009,0.2938306545962098,0.41907367873547774,0.12524302413926805,14,strict_qmem_v1_reference_T1K2_lambda0p05
before-video-010,0.361641728858258,0.3535734903890004,-0.008068238469257688,11,strict_qmem_v1_reference_T1K2_lambda0p05
before-video-011,0.3284757505816951,0.4466949621841663,0.1182192116024712,14,strict_qmem_v1_reference_T1K2_lambda0p05
before-video-012,0.32948153532278435,0.3735126745876304,0.04403113926484606,72,strict_qmem_v1_reference_T1K2_lambda0p05
before-video-013,0.3853891417238897,0.3195880772175646,-0.06580106450632507,9,strict_qmem_v1_reference_T1K2_lambda0p05
before-video-000,0.3794809288242044,0.3090756563000654,-0.07040527252413904,66,strict_qmem_v2_T2K2_qmem_code
before-video-001,0.2519872494594668,0.3088387712515726,0.05685152179210585,11,strict_qmem_v2_T2K2_qmem_code
before-video-002,0.2820122457959932,0.32102148168681016,0.03900923589081696,49,strict_qmem_v2_T2K2_qmem_code
before-video-003,0.3322926377146983,0.35637490400275906,0.024082266288060712,46,strict_qmem_v2_T2K2_qmem_code
before-video-004,0.3922930137962685,0.2763278345434975,-0.11596517925277103,10,strict_qmem_v2_T2K2_qmem_code
before-video-005,0.349849799883027,0.3499018936685553,5.2093785528284364e-05,55,strict_qmem_v2_T2K2_qmem_code
before-video-006,0.3695320690992881,0.36206313149152025,-0.007468937607767851,38,strict_qmem_v2_T2K2_qmem_code
before-video-007,0.38623108288556074,0.4702972104850776,0.0840661275995169,10,strict_qmem_v2_T2K2_qmem_code
before-video-008,0.32623887984656946,0.325761656908681,-0.00047722293788848906,91,strict_qmem_v2_T2K2_qmem_code
before-video-009,0.2938306545962098,0.4074203454920573,0.11358969089584758,14,strict_qmem_v2_T2K2_qmem_code
before-video-010,0.361641728858258,0.3372638994509593,-0.024377829407298747,11,strict_qmem_v2_T2K2_qmem_code
before-video-011,0.3284757505816951,0.43412999584798223,0.10565424526628715,14,strict_qmem_v2_T2K2_qmem_code
before-video-012,0.32948153532278435,0.36339894471313583,0.0339174093903515,72,strict_qmem_v2_T2K2_qmem_code
before-video-013,0.3853891417238897,0.3030914984415655,-0.08229764328232417,9,strict_qmem_v2_T2K2_qmem_code
before-video-000,0.3794809288242044,0.2963764898142967,-0.08310443900990767,66,strict_qmem_v2_T2K2_full
before-video-001,0.2519872494594668,0.3017054497088363,0.04971820024936949,11,strict_qmem_v2_T2K2_full
before-video-002,0.2820122457959932,0.3164769647106477,0.034464718914654496,49,strict_qmem_v2_T2K2_full
before-video-003,0.3322926377146983,0.3502163921756922,0.017923754460993934,46,strict_qmem_v2_T2K2_full
before-video-004,0.3922930137962685,0.26308127400812104,-0.12921173978814748,10,strict_qmem_v2_T2K2_full
before-video-005,0.349849799883027,0.3457150613306057,-0.0041347385524213316,55,strict_qmem_v2_T2K2_full
before-video-006,0.3695320690992881,0.3521227153166131,-0.017409353782675004,38,strict_qmem_v2_T2K2_full
before-video-007,0.38623108288556074,0.46688956325153425,0.08065848036597353,10,strict_qmem_v2_T2K2_full
before-video-008,0.32623887984656946,0.32207788718315866,-0.0041609926634108355,91,strict_qmem_v2_T2K2_full
before-video-009,0.2938306545962098,0.40193354533669495,0.10810289074048522,14,strict_qmem_v2_T2K2_full
before-video-010,0.361641728858258,0.325363240929091,-0.03627848792916701,11,strict_qmem_v2_T2K2_full
before-video-011,0.3284757505816951,0.4296303216097366,0.10115457102804151,14,strict_qmem_v2_T2K2_full
before-video-012,0.32948153532278435,0.3549591644722871,0.025477629149502766,72,strict_qmem_v2_T2K2_full
before-video-013,0.3853891417238897,0.2960467690938178,-0.08934237263007193,9,strict_qmem_v2_T2K2_full
before-video-000,0.3794809288242044,0.29298386663548304,-0.08649706218872134,66,strict_qmem_v2_T2K2_qmem_only_lambda0p05
before-video-001,0.2519872494594668,0.29926353756542395,0.047276288105957166,11,strict_qmem_v2_T2K2_qmem_only_lambda0p05
before-video-002,0.2820122457959932,0.31582091102636406,0.03380866523037084,49,strict_qmem_v2_T2K2_qmem_only_lambda0p05
before-video-003,0.3322926377146983,0.34751014356706916,0.01521750585237085,46,strict_qmem_v2_T2K2_qmem_only_lambda0p05
before-video-004,0.3922930137962685,0.26482500823282923,-0.1274680055634393,10,strict_qmem_v2_T2K2_qmem_only_lambda0p05
before-video-005,0.349849799883027,0.3419778722997704,-0.007871927583256616,55,strict_qmem_v2_T2K2_qmem_only_lambda0p05
before-video-006,0.3695320690992881,0.3537756058560103,-0.015756463243277775,38,strict_qmem_v2_T2K2_qmem_only_lambda0p05
before-video-007,0.38623108288556074,0.466112190509414,0.07988110762385323,10,strict_qmem_v2_T2K2_qmem_only_lambda0p05
before-video-008,0.32623887984656946,0.3209535028042984,-0.005285377042271124,91,strict_qmem_v2_T2K2_qmem_only_lambda0p05
before-video-009,0.2938306545962098,0.40494265240107413,0.11111199780486437,14,strict_qmem_v2_T2K2_qmem_only_lambda0p05
before-video-010,0.361641728858258,0.316985508980927,-0.04465621987733108,11,strict_qmem_v2_T2K2_qmem_only_lambda0p05
before-video-011,0.3284757505816951,0.42483523247762955,0.0963594818959345,14,strict_qmem_v2_T2K2_qmem_only_lambda0p05
before-video-012,0.32948153532278435,0.35215433099303306,0.022672795670248748,72,strict_qmem_v2_T2K2_qmem_only_lambda0p05
before-video-013,0.3853891417238897,0.29212402564025153,-0.09326511608363819,9,strict_qmem_v2_T2K2_qmem_only_lambda0p05
before-video-000,0.3794809288242044,0.28431985685043487,-0.09516107197376955,66,strict_qmem_v2_T2K2_qmem_only_lambda0p02
before-video-001,0.2519872494594668,0.28870724162183736,0.0367199921623706,11,strict_qmem_v2_T2K2_qmem_only_lambda0p02
before-video-002,0.2820122457959932,0.30968564529484505,0.02767339949885187,49,strict_qmem_v2_T2K2_qmem_only_lambda0p02
before-video-003,0.3322926377146983,0.3444484942004838,0.012155856485785514,46,strict_qmem_v2_T2K2_qmem_only_lambda0p02
before-video-004,0.3922930137962685,0.2551707294117031,-0.1371222843845654,10,strict_qmem_v2_T2K2_qmem_only_lambda0p02
before-video-005,0.349849799883027,0.3339072688606545,-0.015942531022372478,55,strict_qmem_v2_T2K2_qmem_only_lambda0p02
before-video-006,0.3695320690992881,0.34217160555724463,-0.027360463542043422,38,strict_qmem_v2_T2K2_qmem_only_lambda0p02
before-video-007,0.38623108288556074,0.4560989059997458,0.06986782311418507,10,strict_qmem_v2_T2K2_qmem_only_lambda0p02
before-video-008,0.32623887984656946,0.3118229540511396,-0.014415925795429916,91,strict_qmem_v2_T2K2_qmem_only_lambda0p02
before-video-009,0.2938306545962098,0.39695029423051215,0.10311963963430242,14,strict_qmem_v2_T2K2_qmem_only_lambda0p02
before-video-010,0.361641728858258,0.31522576881685854,-0.046415960041399466,11,strict_qmem_v2_T2K2_qmem_only_lambda0p02
before-video-011,0.3284757505816951,0.41786327915785115,0.08938752857615608,14,strict_qmem_v2_T2K2_qmem_only_lambda0p02
before-video-012,0.32948153532278435,0.34555278780799914,0.016071252485214807,72,strict_qmem_v2_T2K2_qmem_only_lambda0p02
before-video-013,0.3853891417238897,0.2720729050490749,-0.11331623667481483,9,strict_qmem_v2_T2K2_qmem_only_lambda0p02
before-video-000,0.3794809288242044,0.27761470836173646,-0.10186622046246793,66,continued_baseline_corrected_crop
before-video-001,0.2519872494594668,0.29112131237577493,0.03913406291630812,11,continued_baseline_corrected_crop
before-video-002,0.2820122457959932,0.3037705290481253,0.02175828325213207,49,continued_baseline_corrected_crop
before-video-003,0.3322926377146983,0.34266302155769185,0.010370383842993526,46,continued_baseline_corrected_crop
before-video-004,0.3922930137962685,0.2513261787757634,-0.14096683502050508,10,continued_baseline_corrected_crop
before-video-005,0.349849799883027,0.3262994982124406,-0.023550301670586415,55,continued_baseline_corrected_crop
before-video-006,0.3695320690992881,0.3383747639550102,-0.031157305144277895,38,continued_baseline_corrected_crop
before-video-007,0.38623108288556074,0.45424430310019764,0.06801322021463692,10,continued_baseline_corrected_crop
before-video-008,0.32623887984656946,0.30975317642955885,-0.016485703417010614,91,continued_baseline_corrected_crop
before-video-009,0.2938306545962098,0.393295337124913,0.09946468252870325,14,continued_baseline_corrected_crop
before-video-010,0.361641728858258,0.305442766662603,-0.05619896219565504,11,continued_baseline_corrected_crop
before-video-011,0.3284757505816951,0.4161392978667683,0.08766354728507321,14,continued_baseline_corrected_crop
before-video-012,0.32948153532278435,0.3396967968904253,0.01021526156764098,72,continued_baseline_corrected_crop
before-video-013,0.3853891417238897,0.27277085809938856,-0.11261828362450117,9,continued_baseline_corrected_crop
